<mxfile host="app.diagrams.net" modified="2024-02-08T13:24:22.635Z" agent="Mozilla/5.0 (Windows NT 10.0; Win64; x64) AppleWebKit/537.36 (KHTML, like Gecko) Chrome/120.0.0.0 Safari/537.36 OPR/106.0.0.0" etag="k71zOKElpe-ePRedNIV6" version="23.1.2" type="device">
  <diagram name="Page-1" id="B_QilNcWH4q_1AxO5jQ9">
    <mxGraphModel dx="839" dy="446" grid="1" gridSize="10" guides="1" tooltips="1" connect="1" arrows="1" fold="1" page="1" pageScale="1" pageWidth="850" pageHeight="1100" math="0" shadow="0">
      <root>
        <mxCell id="0" />
        <mxCell id="1" parent="0" />
        <mxCell id="O_KXaz5v5Ah24a5k5tSc-2" value="Mensagem" style="swimlane;fontStyle=1;align=center;verticalAlign=top;childLayout=stackLayout;horizontal=1;startSize=26;horizontalStack=0;resizeParent=1;resizeParentMax=0;resizeLast=0;collapsible=1;marginBottom=0;whiteSpace=wrap;html=1;" parent="1" vertex="1">
          <mxGeometry x="430" y="270" width="160" height="114" as="geometry" />
        </mxCell>
        <mxCell id="O_KXaz5v5Ah24a5k5tSc-3" value="-Texto:String&lt;br&gt;-usuario:Usuario&lt;br&gt;-Id:Int" style="text;strokeColor=none;fillColor=none;align=left;verticalAlign=top;spacingLeft=4;spacingRight=4;overflow=hidden;rotatable=0;points=[[0,0.5],[1,0.5]];portConstraint=eastwest;whiteSpace=wrap;html=1;" parent="O_KXaz5v5Ah24a5k5tSc-2" vertex="1">
          <mxGeometry y="26" width="160" height="54" as="geometry" />
        </mxCell>
        <mxCell id="O_KXaz5v5Ah24a5k5tSc-4" value="" style="line;strokeWidth=1;fillColor=none;align=left;verticalAlign=middle;spacingTop=-1;spacingLeft=3;spacingRight=3;rotatable=0;labelPosition=right;points=[];portConstraint=eastwest;strokeColor=inherit;" parent="O_KXaz5v5Ah24a5k5tSc-2" vertex="1">
          <mxGeometry y="80" width="160" height="8" as="geometry" />
        </mxCell>
        <mxCell id="O_KXaz5v5Ah24a5k5tSc-5" value="+ enviar(void): void" style="text;strokeColor=none;fillColor=none;align=left;verticalAlign=top;spacingLeft=4;spacingRight=4;overflow=hidden;rotatable=0;points=[[0,0.5],[1,0.5]];portConstraint=eastwest;whiteSpace=wrap;html=1;" parent="O_KXaz5v5Ah24a5k5tSc-2" vertex="1">
          <mxGeometry y="88" width="160" height="26" as="geometry" />
        </mxCell>
        <mxCell id="O_KXaz5v5Ah24a5k5tSc-6" value="Usuario&lt;br&gt;" style="swimlane;fontStyle=1;align=center;verticalAlign=top;childLayout=stackLayout;horizontal=1;startSize=26;horizontalStack=0;resizeParent=1;resizeParentMax=0;resizeLast=0;collapsible=1;marginBottom=0;whiteSpace=wrap;html=1;" parent="1" vertex="1">
          <mxGeometry x="150" y="260" width="160" height="130" as="geometry" />
        </mxCell>
        <mxCell id="O_KXaz5v5Ah24a5k5tSc-7" value="-nome:String&lt;br&gt;-id:Int&lt;br&gt;-senha:String" style="text;strokeColor=none;fillColor=none;align=left;verticalAlign=top;spacingLeft=4;spacingRight=4;overflow=hidden;rotatable=0;points=[[0,0.5],[1,0.5]];portConstraint=eastwest;whiteSpace=wrap;html=1;" parent="O_KXaz5v5Ah24a5k5tSc-6" vertex="1">
          <mxGeometry y="26" width="160" height="54" as="geometry" />
        </mxCell>
        <mxCell id="O_KXaz5v5Ah24a5k5tSc-8" value="" style="line;strokeWidth=1;fillColor=none;align=left;verticalAlign=middle;spacingTop=-1;spacingLeft=3;spacingRight=3;rotatable=0;labelPosition=right;points=[];portConstraint=eastwest;strokeColor=inherit;" parent="O_KXaz5v5Ah24a5k5tSc-6" vertex="1">
          <mxGeometry y="80" width="160" height="8" as="geometry" />
        </mxCell>
        <mxCell id="O_KXaz5v5Ah24a5k5tSc-9" value="+ getNome(void): String&lt;br&gt;+ getId():Int" style="text;strokeColor=none;fillColor=none;align=left;verticalAlign=top;spacingLeft=4;spacingRight=4;overflow=hidden;rotatable=0;points=[[0,0.5],[1,0.5]];portConstraint=eastwest;whiteSpace=wrap;html=1;" parent="O_KXaz5v5Ah24a5k5tSc-6" vertex="1">
          <mxGeometry y="88" width="160" height="42" as="geometry" />
        </mxCell>
        <mxCell id="O_KXaz5v5Ah24a5k5tSc-11" value="1" style="endArrow=open;html=1;endSize=12;startArrow=diamondThin;startSize=14;startFill=1;edgeStyle=orthogonalEdgeStyle;align=left;verticalAlign=bottom;rounded=0;entryX=0;entryY=0.5;entryDx=0;entryDy=0;" parent="1" source="O_KXaz5v5Ah24a5k5tSc-9" target="O_KXaz5v5Ah24a5k5tSc-5" edge="1">
          <mxGeometry x="-1" y="3" relative="1" as="geometry">
            <mxPoint x="365" y="358" as="sourcePoint" />
            <mxPoint x="525" y="358" as="targetPoint" />
          </mxGeometry>
        </mxCell>
        <mxCell id="O_KXaz5v5Ah24a5k5tSc-13" value="Sala&lt;br&gt;" style="swimlane;fontStyle=1;align=center;verticalAlign=top;childLayout=stackLayout;horizontal=1;startSize=26;horizontalStack=0;resizeParent=1;resizeParentMax=0;resizeLast=0;collapsible=1;marginBottom=0;whiteSpace=wrap;html=1;" parent="1" vertex="1">
          <mxGeometry x="290" y="480" width="180" height="100" as="geometry" />
        </mxCell>
        <mxCell id="O_KXaz5v5Ah24a5k5tSc-14" value="-mensagens:List&amp;lt;String&amp;gt;" style="text;strokeColor=none;fillColor=none;align=left;verticalAlign=top;spacingLeft=4;spacingRight=4;overflow=hidden;rotatable=0;points=[[0,0.5],[1,0.5]];portConstraint=eastwest;whiteSpace=wrap;html=1;" parent="O_KXaz5v5Ah24a5k5tSc-13" vertex="1">
          <mxGeometry y="26" width="180" height="26" as="geometry" />
        </mxCell>
        <mxCell id="O_KXaz5v5Ah24a5k5tSc-15" value="" style="line;strokeWidth=1;fillColor=none;align=left;verticalAlign=middle;spacingTop=-1;spacingLeft=3;spacingRight=3;rotatable=0;labelPosition=right;points=[];portConstraint=eastwest;strokeColor=inherit;" parent="O_KXaz5v5Ah24a5k5tSc-13" vertex="1">
          <mxGeometry y="52" width="180" height="8" as="geometry" />
        </mxCell>
        <mxCell id="O_KXaz5v5Ah24a5k5tSc-16" value="+ receber(String mensagem):" style="text;strokeColor=none;fillColor=none;align=left;verticalAlign=top;spacingLeft=4;spacingRight=4;overflow=hidden;rotatable=0;points=[[0,0.5],[1,0.5]];portConstraint=eastwest;whiteSpace=wrap;html=1;" parent="O_KXaz5v5Ah24a5k5tSc-13" vertex="1">
          <mxGeometry y="60" width="180" height="40" as="geometry" />
        </mxCell>
        <mxCell id="O_KXaz5v5Ah24a5k5tSc-18" value="0....*" style="endArrow=open;html=1;endSize=12;startArrow=diamondThin;startSize=14;startFill=1;edgeStyle=orthogonalEdgeStyle;align=left;verticalAlign=bottom;rounded=0;" parent="1" source="O_KXaz5v5Ah24a5k5tSc-2" target="O_KXaz5v5Ah24a5k5tSc-13" edge="1">
          <mxGeometry x="-0.7749" y="5" relative="1" as="geometry">
            <mxPoint x="425" y="440" as="sourcePoint" />
            <mxPoint x="585" y="440" as="targetPoint" />
            <mxPoint as="offset" />
          </mxGeometry>
        </mxCell>
      </root>
    </mxGraphModel>
  </diagram>
</mxfile>
